link_id,article,product_anchor,current_url,current_tag,marketplace,asin,is_product_specific,is_generic,mapped_us,mapped_in,is_invalid
1,5-antique-bar-carts-2026.html,Check Price &amp; Availability on Amazon →,https://www.amazon.com/dp/B094VL5VHZ?tag=elevateliv00e-20,elevateliv00e-20,amazon.com,B094VL5VHZ,True,False,True,False,False
2,5-antique-bar-carts-2026.html,Check Price &amp; Availability on Amazon →,https://www.amazon.com/dp/B0BC8SNJYG?tag=elevateliv00e-20,elevateliv00e-20,amazon.com,B0BC8SNJYG,True,False,True,False,False
3,5-antique-bar-carts-2026.html,Check Price &amp; Availability on Amazon →,https://www.amazon.com/dp/B0BZ489W7B?tag=elevateliv00e-20,elevateliv00e-20,amazon.com,B0BZ489W7B,True,False,True,False,False
4,5-antique-bar-carts-2026.html,Check Price &amp; Availability on Amazon →,https://www.amazon.com/dp/B0CN8MF87T?tag=elevateliv00e-20,elevateliv00e-20,amazon.com,B0CN8MF87T,True,False,True,False,False
5,5-antique-bar-carts-2026.html,Check Price &amp; Availability on Amazon →,https://www.amazon.com/dp/B0BZR9VH34?tag=elevateliv00e-20,elevateliv00e-20,amazon.com,B0BZR9VH34,True,False,True,False,False
6,5-antique-bar-carts-2026.html,Check Price &amp; Availability on Amazon →,https://www.amazon.com/dp/B0FCFG2W47?linkCode=ll2&tag=elevateliv00e-20&linkId=a7fcb4d29ba66d49d7911d9cdc2fa0e0&language=en_US&ref_=as_li_ss_tl,elevateliv00e-20,amazon.com,B0FCFG2W47,True,False,True,False,False
7,5-antique-bar-carts-2026.html,View →,https://www.amazon.com/dp/B094VL5VHZ?tag=elevateliv00e-20,elevateliv00e-20,amazon.com,B094VL5VHZ,True,False,True,False,False
8,5-antique-bar-carts-2026.html,View →,https://www.amazon.com/dp/B0BC8SNJYG?tag=elevateliv00e-20,elevateliv00e-20,amazon.com,B0BC8SNJYG,True,False,True,False,False
9,5-antique-bar-carts-2026.html,View →,https://www.amazon.com/dp/B0BZ489W7B?tag=elevateliv00e-20,elevateliv00e-20,amazon.com,B0BZ489W7B,True,False,True,False,False
10,5-antique-bar-carts-2026.html,View →,https://www.amazon.com/dp/B0CN8MF87T?tag=elevateliv00e-20,elevateliv00e-20,amazon.com,B0CN8MF87T,True,False,True,False,False
11,5-antique-bar-carts-2026.html,View →,https://www.amazon.com/dp/B0BZR9VH34?tag=elevateliv00e-20,elevateliv00e-20,amazon.com,B0BZR9VH34,True,False,True,False,False
12,5-antique-bar-carts-2026.html,View →,https://www.amazon.com/dp/B0FCFG2W47?linkCode=ll2&tag=elevateliv00e-20&linkId=a7fcb4d29ba66d49d7911d9cdc2fa0e0&language=en_US&ref_=as_li_ss_tl,elevateliv00e-20,amazon.com,B0FCFG2W47,True,False,True,False,False
13,5-antique-bar-carts-2026.html,تسوق الآن على أمازون ←,https://www.amazon.com/dp/B094VL5VHZ?tag=elevateliv00e-20,elevateliv00e-20,amazon.com,B094VL5VHZ,True,False,True,False,False
14,5-antique-bar-carts-2026.html,View on Amazon →,https://www.amazon.com/dp/B094VL5VHZ?tag=elevateliv00e-20,elevateliv00e-20,amazon.com,B094VL5VHZ,True,False,True,False,False
15,5-antique-bar-carts-2026.html,View on Amazon →,https://www.amazon.com/dp/B0BC8SNJYG?tag=elevateliv00e-20,elevateliv00e-20,amazon.com,B0BC8SNJYG,True,False,True,False,False
16,5-antique-bar-carts-2026.html,View on Amazon →,https://www.amazon.com/dp/B0BZ489W7B?tag=elevateliv00e-20,elevateliv00e-20,amazon.com,B0BZ489W7B,True,False,True,False,False
17,5-antique-bar-carts-2026.html,View on Amazon →,https://www.amazon.com/dp/B0CN8MF87T?tag=elevateliv00e-20,elevateliv00e-20,amazon.com,B0CN8MF87T,True,False,True,False,False
18,5-antique-bar-carts-2026.html,View on Amazon →,https://www.amazon.com/dp/B0BZR9VH34?tag=elevateliv00e-20,elevateliv00e-20,amazon.com,B0BZR9VH34,True,False,True,False,False
19,5-antique-bar-carts-2026.html,View on Amazon →,https://www.amazon.com/dp/B0FCFG2W47?linkCode=ll2&tag=elevateliv00e-20&linkId=a7fcb4d29ba66d49d7911d9cdc2fa0e0&language=en_US&ref_=as_li_ss_tl,elevateliv00e-20,amazon.com,B0FCFG2W47,True,False,True,False,False
20,5-patio-mistakes-that-make-your-space-look-cheap-fix-under-50.html,Fix with this rug →,https://www.amazon.com/SAND-MINE-Reversible-Outdoors-Backyard/dp/B091YMYV7Q?th=1&linkCode=ll2&tag=elevateliv00e-20&linkId=a740862101dcabba62ed4c7290fbd58b&language=en_US&ref_=as_li_ss_tl,elevateliv00e-20,amazon.com,B091YMYV7Q,True,False,True,False,False
21,5-patio-mistakes-that-make-your-space-look-cheap-fix-under-50.html,Fix with these lights →,https://www.amazon.com/addlon-Waterproof-Lighting-Shatterproof-Backyard/dp/B0C68DRR9P?th=1&linkCode=ll2&tag=elevateliv00e-20&linkId=5734f006d2c469b14ab4aa462d4afd3c&language=en_US&ref_=as_li_ss_tl,elevateliv00e-20,amazon.com,B0C68DRR9P,True,False,True,False,False
22,5-patio-mistakes-that-make-your-space-look-cheap-fix-under-50.html,Fix with these pillows →,https://www.amazon.com/Phantoscope-Farmhouse-Decorative-Tailored-Pillowcase/dp/B08JTFZLT9?th=1&linkCode=ll2&tag=elevateliv00e-20&linkId=27da2bf653a9de33ab3299dd5f677feb&language=en_US&ref_=as_li_ss_tl,elevateliv00e-20,amazon.com,B08JTFZLT9,True,False,True,False,False
23,5-patio-mistakes-that-make-your-space-look-cheap-fix-under-50.html,Fix with these hooks →,https://www.amazon.com/dp/B07L1T8LVH?niid=nl_cl_lst_a_4_1&nrid=C6TNFSJ3VZ6RMPMRHAQK&th=1&linkCode=ll2&tag=elevateliv00e-20&linkId=86a05e221cc8c3bb7799b4299dae8b15&language=en_US&ref_=as_li_ss_tl,elevateliv00e-20,amazon.com,B07L1T8LVH,True,False,True,False,False
24,5-patio-mistakes-that-make-your-space-look-cheap-fix-under-50.html,Fix with these plants →,https://www.amazon.com/dp/B07VKJKFN2?niid=nl_cl_lst_a_2_2&nrid=6BMABECF7T2BNMAN4TN7&th=1&linkCode=ll2&tag=elevateliv00e-20&linkId=77eefd340dad7b95f12909a984358bac&language=en_US&ref_=as_li_ss_tl,elevateliv00e-20,amazon.com,B07VKJKFN2,True,False,True,False,False
25,7-dark-bookshelf-styling-ideas.html,Check Price &amp; Availability on Amazon,https://www.amazon.com/dp/B08R7FZN8L?tag=elevateliv00e-20,elevateliv00e-20,amazon.com,B08R7FZN8L,True,False,True,False,False
26,7-dark-bookshelf-styling-ideas.html,Check Price &amp; Availability on Amazon,https://www.amazon.com/dp/B0CJC2KSPC?tag=elevateliv00e-20,elevateliv00e-20,amazon.com,B0CJC2KSPC,True,False,True,False,False
27,7-dark-bookshelf-styling-ideas.html,Check Price &amp; Availability on Amazon,https://www.amazon.com/dp/B0CNVRPRZS?tag=elevateliv00e-20,elevateliv00e-20,amazon.com,B0CNVRPRZS,True,False,True,False,False
28,7-dark-bookshelf-styling-ideas.html,Check Price &amp; Availability on Amazon,https://www.amazon.com/dp/B093P4NQKN?tag=elevateliv00e-20,elevateliv00e-20,amazon.com,B093P4NQKN,True,False,True,False,False
29,7-dark-bookshelf-styling-ideas.html,Check Price on Amazon,https://www.amazon.com/dp/B085G47VY4?tag=elevateliv00e-20,elevateliv00e-20,amazon.com,B085G47VY4,True,False,True,False,False
30,7-dark-bookshelf-styling-ideas.html,Check Price on Amazon,https://www.amazon.com/dp/B07JGLT7FT?tag=elevateliv00e-20,elevateliv00e-20,amazon.com,B07JGLT7FT,True,False,True,False,False
31,7-dark-bookshelf-styling-ideas.html,Check Price on Amazon,https://www.amazon.com/dp/B09WCX8RKP?tag=elevateliv00e-20,elevateliv00e-20,amazon.com,B09WCX8RKP,True,False,True,False,False
32,7-dark-bookshelf-styling-ideas.html,Check Price &amp; Availability on Amazon,https://www.amazon.com/dp/B0F4KHZS6T?tag=elevateliv00e-20,elevateliv00e-20,amazon.com,B0F4KHZS6T,True,False,True,False,False
33,7-dark-bookshelf-styling-ideas.html,Check Price &amp; Availability on Amazon,https://www.amazon.com/dp/1607103133?tag=elevateliv00e-20,elevateliv00e-20,amazon.com,1607103133,True,False,True,False,False
34,7-dark-bookshelf-styling-ideas.html,Check Price &amp; Availability on Amazon,https://www.amazon.com/dp/B08R7FZN8L?tag=elevateliv00e-20,elevateliv00e-20,amazon.com,B08R7FZN8L,True,False,True,False,False
35,7-dark-bookshelf-styling-ideas.html,Check Price &amp; Availability on Amazon,https://www.amazon.com/dp/B0CJC2KSPC?tag=elevateliv00e-20,elevateliv00e-20,amazon.com,B0CJC2KSPC,True,False,True,False,False
36,7-dark-bookshelf-styling-ideas.html,Check Price &amp; Availability on Amazon,https://www.amazon.com/dp/B0CNVRPRZS?tag=elevateliv00e-20,elevateliv00e-20,amazon.com,B0CNVRPRZS,True,False,True,False,False
37,7-dark-bookshelf-styling-ideas.html,Check Price &amp; Availability on Amazon,https://www.amazon.com/dp/B093P4NQKN?tag=elevateliv00e-20,elevateliv00e-20,amazon.com,B093P4NQKN,True,False,True,False,False
38,7-dark-bookshelf-styling-ideas.html,MaxGear Tree — $9.99,https://www.amazon.com/dp/B085G47VY4?tag=elevateliv00e-20,elevateliv00e-20,amazon.com,B085G47VY4,True,False,True,False,False
39,7-dark-bookshelf-styling-ideas.html,HappyHapi Arch — $19.99,https://www.amazon.com/dp/B07JGLT7FT?tag=elevateliv00e-20,elevateliv00e-20,amazon.com,B07JGLT7FT,True,False,True,False,False
40,7-dark-bookshelf-styling-ideas.html,Tree of Life — $15.99,https://www.amazon.com/dp/B09WCX8RKP?tag=elevateliv00e-20,elevateliv00e-20,amazon.com,B09WCX8RKP,True,False,True,False,False
41,7-dark-bookshelf-styling-ideas.html,Check Price &amp; Availability on Amazon,https://www.amazon.com/dp/B0F4KHZS6T?tag=elevateliv00e-20,elevateliv00e-20,amazon.com,B0F4KHZS6T,True,False,True,False,False
42,7-dark-bookshelf-styling-ideas.html,Check Price &amp; Availability on Amazon,https://www.amazon.com/dp/1607103133?tag=elevateliv00e-20,elevateliv00e-20,amazon.com,1607103133,True,False,True,False,False
43,best-waterproof-outdoor-rug-patio-under-50.html,GET THE RUG NOW →,https://www.amazon.com/MontVoo-Outdoor-Waterproof-Reversible-Clearance-Geometric/dp/B09VCKQDM8?th=1&linkCode=ll2&tag=elevateliv00e-20&linkId=037ecd29ba406dd22d9188682eef729f&language=en_US&ref_=as_li_ss_tl,elevateliv00e-20,amazon.com,B09VCKQDM8,True,False,True,False,False
44,best-waterproof-outdoor-rug-patio-under-50.html,IMAGE_OR_BUTTON,https://www.amazon.com/MontVoo-Outdoor-Waterproof-Reversible-Clearance-Geometric/dp/B09VCKQDM8?th=1&linkCode=ll2&tag=elevateliv00e-20&linkId=037ecd29ba406dd22d9188682eef729f&language=en_US&ref_=as_li_ss_tl,elevateliv00e-20,amazon.com,B09VCKQDM8,True,False,True,False,False
45,best-waterproof-outdoor-rug-patio-under-50.html,IMAGE_OR_BUTTON,https://www.amazon.com/MontVoo-Outdoor-Waterproof-Reversible-Clearance-Geometric/dp/B09VCKQDM8?th=1&linkCode=ll2&tag=elevateliv00e-20&linkId=037ecd29ba406dd22d9188682eef729f&language=en_US&ref_=as_li_ss_tl,elevateliv00e-20,amazon.com,B09VCKQDM8,True,False,True,False,False
46,best-waterproof-outdoor-rug-patio-under-50.html,SHOP NOW →,https://www.amazon.com/MontVoo-Outdoor-Waterproof-Reversible-Clearance-Geometric/dp/B09VCKQDM8?th=1&linkCode=ll2&tag=elevateliv00e-20&linkId=037ecd29ba406dd22d9188682eef729f&language=en_US&ref_=as_li_ss_tl,elevateliv00e-20,amazon.com,B09VCKQDM8,True,False,True,False,False
47,best-waterproof-outdoor-rug-patio-under-50.html,IMAGE_OR_BUTTON,https://www.amazon.com/GENIMO-Outdoor-Reversible-Waterproof-Clearance/dp/B09YCTM6DR?th=1&linkCode=ll2&tag=elevateliv00e-20&linkId=f28d69b5a255a8fa424e5e27477a3af7&language=en_US&ref_=as_li_ss_tl,elevateliv00e-20,amazon.com,B09YCTM6DR,True,False,True,False,False
48,best-waterproof-outdoor-rug-patio-under-50.html,IMAGE_OR_BUTTON,https://www.amazon.com/GENIMO-Outdoor-Reversible-Waterproof-Clearance/dp/B09YCTM6DR?th=1&linkCode=ll2&tag=elevateliv00e-20&linkId=f28d69b5a255a8fa424e5e27477a3af7&language=en_US&ref_=as_li_ss_tl,elevateliv00e-20,amazon.com,B09YCTM6DR,True,False,True,False,False
49,best-waterproof-outdoor-rug-patio-under-50.html,SHOP NOW →,https://www.amazon.com/GENIMO-Outdoor-Reversible-Waterproof-Clearance/dp/B09YCTM6DR?th=1&linkCode=ll2&tag=elevateliv00e-20&linkId=f28d69b5a255a8fa424e5e27477a3af7&language=en_US&ref_=as_li_ss_tl,elevateliv00e-20,amazon.com,B09YCTM6DR,True,False,True,False,False
50,best-waterproof-outdoor-rug-patio-under-50.html,IMAGE_OR_BUTTON,https://www.amazon.com/SAND-MINE-Reversible-Outdoors-Backyard/dp/B091YMYV7Q?th=1&linkCode=ll2&tag=elevateliv00e-20&linkId=a740862101dcabba62ed4c7290fbd58b&language=en_US&ref_=as_li_ss_tl,elevateliv00e-20,amazon.com,B091YMYV7Q,True,False,True,False,False
51,best-waterproof-outdoor-rug-patio-under-50.html,SHOP NOW →,https://www.amazon.com/SAND-MINE-Reversible-Outdoors-Backyard/dp/B091YMYV7Q?th=1&linkCode=ll2&tag=elevateliv00e-20&linkId=a740862101dcabba62ed4c7290fbd58b&language=en_US&ref_=as_li_ss_tl,elevateliv00e-20,amazon.com,B091YMYV7Q,True,False,True,False,False
52,best-waterproof-outdoor-rug-patio-under-50.html,IMAGE_OR_BUTTON,https://www.amazon.com/RUUGME-Vintage-6round-Rug-Washable/dp/B0DWFRZ5VJ?tag=elevateliv00e-20,elevateliv00e-20,amazon.com,B0DWFRZ5VJ,True,False,True,False,False
53,best-waterproof-outdoor-rug-patio-under-50.html,SHOP NOW →,https://www.amazon.com/RUUGME-Vintage-6round-Rug-Washable/dp/B0DWFRZ5VJ?tag=elevateliv00e-20,elevateliv00e-20,amazon.com,B0DWFRZ5VJ,True,False,True,False,False
54,best-waterproof-outdoor-rug-patio-under-50.html,DON’T MISS THIS DEAL →,https://www.amazon.com/MontVoo-Outdoor-Waterproof-Reversible-Clearance-Geometric/dp/B09VCKQDM8?th=1&linkCode=ll2&tag=elevateliv00e-20&linkId=037ecd29ba406dd22d9188682eef729f&language=en_US&ref_=as_li_ss_tl,elevateliv00e-20,amazon.com,B09VCKQDM8,True,False,True,False,False
55,best-waterproof-outdoor-rug-patio-under-50.html,IMAGE_OR_BUTTON,https://www.amazon.com/dp/B092VC7VK2?th=1&linkCode=ll2&tag=elevateliv00e-20&linkId=2643133ccd4faa542aafdee5e939d65e&language=en_US&ref_=as_li_ss_tl,elevateliv00e-20,amazon.com,B092VC7VK2,True,False,True,False,False
56,best-waterproof-outdoor-rug-patio-under-50.html,SHOP NOW →,https://www.amazon.com/dp/B092VC7VK2?th=1&linkCode=ll2&tag=elevateliv00e-20&linkId=2643133ccd4faa542aafdee5e939d65e&language=en_US&ref_=as_li_ss_tl,elevateliv00e-20,amazon.com,B092VC7VK2,True,False,True,False,False
57,best-waterproof-outdoor-rug-patio-under-50.html,IMAGE_OR_BUTTON,https://www.amazon.com/Home-Techpro-Non-Slip-Washable-Materials/dp/B07BYCHMVY?th=1&linkCode=ll2&tag=elevateliv00e-20&linkId=fecd82c684bd70e67412321e61b63930&language=en_US&ref_=as_li_ss_tl,elevateliv00e-20,amazon.com,B07BYCHMVY,True,False,True,False,False
58,best-waterproof-outdoor-rug-patio-under-50.html,SHOP NOW →,https://www.amazon.com/Home-Techpro-Non-Slip-Washable-Materials/dp/B07BYCHMVY?th=1&linkCode=ll2&tag=elevateliv00e-20&linkId=fecd82c684bd70e67412321e61b63930&language=en_US&ref_=as_li_ss_tl,elevateliv00e-20,amazon.com,B07BYCHMVY,True,False,True,False,False
59,best-waterproof-outdoor-rug-patio-under-50.html,GET THE RUG (FASTEST UPGRADE) →,https://www.amazon.com/MontVoo-Outdoor-Waterproof-Reversible-Clearance-Geometric/dp/B09VCKQDM8?th=1&linkCode=ll2&tag=elevateliv00e-20&linkId=037ecd29ba406dd22d9188682eef729f&language=en_US&ref_=as_li_ss_tl,elevateliv00e-20,amazon.com,B09VCKQDM8,True,False,True,False,False
60,best-waterproof-outdoor-rug-patio-under-50.html,IMAGE_OR_BUTTON,https://www.amazon.com/Stainless-Decorative-Tray-Long-Gold/dp/B08NPTLKQ3?th=1&linkCode=ll2&tag=elevateliv00e-20&linkId=55475b5c7670124c5733fe89f97a8789&language=en_US&ref_=as_li_ss_tl,elevateliv00e-20,amazon.com,B08NPTLKQ3,True,False,True,False,False
61,best-waterproof-outdoor-rug-patio-under-50.html,SHOP NOW →,https://www.amazon.com/Stainless-Decorative-Tray-Long-Gold/dp/B08NPTLKQ3?th=1&linkCode=ll2&tag=elevateliv00e-20&linkId=55475b5c7670124c5733fe89f97a8789&language=en_US&ref_=as_li_ss_tl,elevateliv00e-20,amazon.com,B08NPTLKQ3,True,False,True,False,False
62,best-waterproof-outdoor-rug-patio-under-50.html,View Current Availability →,https://www.amazon.com/MontVoo-Outdoor-Waterproof-Reversible-Clearance-Geometric/dp/B09VCKQDM8?th=1&linkCode=ll2&tag=elevateliv00e-20&linkId=037ecd29ba406dd22d9188682eef729f&language=en_US&ref_=as_li_ss_tl,elevateliv00e-20,amazon.com,B09VCKQDM8,True,False,True,False,False
63,best-waterproof-outdoor-rug-patio-under-50.html,IMAGE_OR_BUTTON,https://www.amazon.com/DearHouse-Artificial-Privacy-94-5x39-4in-Decoration/dp/B07TTGRDL4?th=1&linkCode=ll2&tag=elevateliv00e-20&linkId=40bf3f2cc683f98055a3c02ae5458602&language=en_US&ref_=as_li_ss_tl,elevateliv00e-20,amazon.com,B07TTGRDL4,True,False,True,False,False
64,best-waterproof-outdoor-rug-patio-under-50.html,SHOP NOW →,https://www.amazon.com/DearHouse-Artificial-Privacy-94-5x39-4in-Decoration/dp/B07TTGRDL4?th=1&linkCode=ll2&tag=elevateliv00e-20&linkId=40bf3f2cc683f98055a3c02ae5458602&language=en_US&ref_=as_li_ss_tl,elevateliv00e-20,amazon.com,B07TTGRDL4,True,False,True,False,False
65,best-waterproof-outdoor-rug-patio-under-50.html,IMAGE_OR_BUTTON,https://www.amazon.com/addlon-Waterproof-Lighting-Shatterproof-Backyard/dp/B0C68DRR9P?th=1&linkCode=ll2&tag=elevateliv00e-20&linkId=5734f006d2c469b14ab4aa462d4afd3c&language=en_US&ref_=as_li_ss_tl,elevateliv00e-20,amazon.com,B0C68DRR9P,True,False,True,False,False
66,best-waterproof-outdoor-rug-patio-under-50.html,SHOP NOW →,https://www.amazon.com/addlon-Waterproof-Lighting-Shatterproof-Backyard/dp/B0C68DRR9P?th=1&linkCode=ll2&tag=elevateliv00e-20&linkId=5734f006d2c469b14ab4aa462d4afd3c&language=en_US&ref_=as_li_ss_tl,elevateliv00e-20,amazon.com,B0C68DRR9P,True,False,True,False,False
67,best-waterproof-outdoor-rug-patio-under-50.html,GET THE RUG (DON’T WAIT) →,https://www.amazon.com/MontVoo-Outdoor-Waterproof-Reversible-Clearance-Geometric/dp/B09VCKQDM8?th=1&linkCode=ll2&tag=elevateliv00e-20&linkId=037ecd29ba406dd22d9188682eef729f&language=en_US&ref_=as_li_ss_tl,elevateliv00e-20,amazon.com,B09VCKQDM8,True,False,True,False,False
68,best-waterproof-outdoor-rug-patio-under-50.html,IMAGE_OR_BUTTON,https://www.amazon.com/Phantoscope-Farmhouse-Decorative-Tailored-Pillowcase/dp/B08JTFZLT9?th=1&linkCode=ll2&tag=elevateliv00e-20&linkId=27da2bf653a9de33ab3299dd5f677feb&language=en_US&ref_=as_li_ss_tl,elevateliv00e-20,amazon.com,B08JTFZLT9,True,False,True,False,False
69,best-waterproof-outdoor-rug-patio-under-50.html,SHOP NOW →,https://www.amazon.com/Phantoscope-Farmhouse-Decorative-Tailored-Pillowcase/dp/B08JTFZLT9?th=1&linkCode=ll2&tag=elevateliv00e-20&linkId=27da2bf653a9de33ab3299dd5f677feb&language=en_US&ref_=as_li_ss_tl,elevateliv00e-20,amazon.com,B08JTFZLT9,True,False,True,False,False
70,best-waterproof-outdoor-rug-patio-under-50.html,🔥 Get This Before Price Jumps → Start with the foundation,https://www.amazon.com/MontVoo-Outdoor-Waterproof-Reversible-Clearance-Geometric/dp/B09VCKQDM8?th=1&linkCode=ll2&tag=elevateliv00e-20&linkId=037ecd29ba406dd22d9188682eef729f&language=en_US&ref_=as_li_ss_tl,elevateliv00e-20,amazon.com,B09VCKQDM8,True,False,True,False,False
71,best-waterproof-outdoor-rug-patio-under-50.html,CHECK PRICE →,https://www.amazon.com/MontVoo-Outdoor-Waterproof-Reversible-Clearance-Geometric/dp/B09VCKQDM8?th=1&linkCode=ll2&tag=elevateliv00e-20&linkId=037ecd29ba406dd22d9188682eef729f&language=en_US&ref_=as_li_ss_tl,elevateliv00e-20,amazon.com,B09VCKQDM8,True,False,True,False,False
72,cheap-patio-setup-under-50.html,Get the Rug Under $25 →,https://www.amazon.com/MontVoo-Outdoor-Waterproof-Reversible-Clearance-Geometric/dp/B09VCKQDM8?th=1&linkCode=ll2&tag=elevateliv00e-20,elevateliv00e-20,amazon.com,B09VCKQDM8,True,False,True,False,False
73,cheap-patio-setup-under-50.html,Build Your $50 Setup →,https://www.amazon.com/MontVoo-Outdoor-Waterproof-Reversible-Clearance-Geometric/dp/B09VCKQDM8?th=1&linkCode=ll2&tag=elevateliv00e-20,elevateliv00e-20,amazon.com,B09VCKQDM8,True,False,True,False,False
74,how-to-style-a-round-coffee-table-like-a-designer-2026.html,View on Amazon,https://www.amazon.com/dp/B08PN3XD6D?niid=nl_cl_lst_a_2_1&nrid=PRYXXT9CVV4G7NHD3DW7&th=1&linkCode=ll2&tag=elevateliv00e-20&linkId=7d0e692fa4495bc94ae72f0e61114a7f&language=en_US&ref_=as_li_ss_tl,elevateliv00e-20,amazon.com,B08PN3XD6D,True,False,True,False,False
75,how-to-style-a-round-coffee-table-like-a-designer-2026.html,View on Amazon,https://www.amazon.com/dp/141979079X?niid=nl_cl_lst_a_2_2&nrid=PRYXXT9CVV4G7NHD3DW7&linkCode=ll2&tag=elevateliv00e-20&linkId=ffd46c8ea5149681fcba11ca1f6ad634&language=en_US&ref_=as_li_ss_tl,elevateliv00e-20,amazon.com,141979079X,True,False,True,False,False
76,how-to-style-a-round-coffee-table-like-a-designer-2026.html,View on Amazon,https://www.amazon.com/dp/B07R21HCMT?niid=nl_cl_lst_a_2_3&nrid=PRYXXT9CVV4G7NHD3DW7&th=1&linkCode=ll2&tag=elevateliv00e-20&linkId=22defc68c4a2052ffdda2ceb448bdd1e&language=en_US&ref_=as_li_ss_tl,elevateliv00e-20,amazon.com,B07R21HCMT,True,False,True,False,False
77,how-to-style-a-round-coffee-table-like-a-designer-2026.html,View on Amazon,https://www.amazon.com/dp/B0CF9LKFY9?niid=nl_cl_lst_a_2_4&nrid=PRYXXT9CVV4G7NHD3DW7&th=1&linkCode=ll2&tag=elevateliv00e-20&linkId=35bdd93deacef2cd2dd01d618279d62d&language=en_US&ref_=as_li_ss_tl,elevateliv00e-20,amazon.com,B0CF9LKFY9,True,False,True,False,False
78,how-to-style-a-round-coffee-table-like-a-designer-2026.html,View on Amazon,https://www.amazon.com/dp/B00429KMH6?niid=nl_cl_lst_a_2_5&nrid=PRYXXT9CVV4G7NHD3DW7&th=1&linkCode=ll2&tag=elevateliv00e-20&linkId=4d08482132808aa1ae74d677c6d4be88&language=en_US&ref_=as_li_ss_tl,elevateliv00e-20,amazon.com,B00429KMH6,True,False,True,False,False
79,how-to-style-a-round-coffee-table-like-a-designer-2026.html,View on Amazon,https://www.amazon.com/dp/B0892H4PBV?niid=nl_cl_lst_a_1_1&nrid=668PTFCSN7E2YN9FCFR1&th=1&linkCode=ll2&tag=elevateliv00e-20&linkId=8cd10c4263574971110a8833701e149b&language=en_US&ref_=as_li_ss_tl,elevateliv00e-20,amazon.com,B0892H4PBV,True,False,True,False,False
80,how-to-style-a-round-coffee-table-like-a-designer-2026.html,View on Amazon,https://www.amazon.com/dp/B084LL4MNV?niid=nl_cl_lst_a_1_2&nrid=668PTFCSN7E2YN9FCFR1&th=1&linkCode=ll2&tag=elevateliv00e-20&linkId=e18172d3afb11a91c02e8ac695afaaa3&language=en_US&ref_=as_li_ss_tl,elevateliv00e-20,amazon.com,B084LL4MNV,True,False,True,False,False
81,how-to-style-a-round-coffee-table-like-a-designer-2026.html,View on Amazon,https://www.amazon.com/dp/B0CBK8SY98?niid=nl_cl_lst_a_1_3&nrid=668PTFCSN7E2YN9FCFR1&th=1&linkCode=ll2&tag=elevateliv00e-20&linkId=41406789005e6fcb86893e7d96ff8811&language=en_US&ref_=as_li_ss_tl,elevateliv00e-20,amazon.com,B0CBK8SY98,True,False,True,False,False
82,how-to-style-a-round-coffee-table-like-a-designer-2026.html,View on Amazon,https://www.amazon.com/dp/0847826694?niid=nl_cl_lst_a_3_1&nrid=668PTFCSN7E2YN9FCFR1&linkCode=ll2&tag=elevateliv00e-20&linkId=1af8d8219c5ab22c917a16359f5a8b87&language=en_US&ref_=as_li_ss_tl,elevateliv00e-20,amazon.com,0847826694,True,False,True,False,False
83,how-to-style-a-round-coffee-table-like-a-designer-2026.html,View on Amazon,https://www.amazon.com/dp/1419742809?niid=nl_cl_lst_a_3_2&nrid=668PTFCSN7E2YN9FCFR1&linkCode=ll2&tag=elevateliv00e-20&linkId=7eddecbf395ceb9b5a854da6e14322fd&language=en_US&ref_=as_li_ss_tl,elevateliv00e-20,amazon.com,1419742809,True,False,True,False,False
84,how-to-style-a-round-coffee-table-like-a-designer-2026.html,View on Amazon,https://www.amazon.com/dp/0847875733?niid=nl_cl_lst_a_3_3&nrid=668PTFCSN7E2YN9FCFR1&linkCode=ll2&tag=elevateliv00e-20&linkId=199e2126465c2d2c3695ac93290a9554&language=en_US&ref_=as_li_ss_tl,elevateliv00e-20,amazon.com,0847875733,True,False,True,False,False
85,how-to-style-a-round-coffee-table-like-a-designer-2026.html,View on Amazon,https://www.amazon.com/dp/B0FFLJJLH3?niid=nl_cl_lst_a_1_1&nrid=DXKTB5D374GWQ5VH9984&th=1&linkCode=ll2&tag=elevateliv00e-20&linkId=cf542555ae6b54a6790ee9ddef1bc5d8&language=en_US&ref_=as_li_ss_tl,elevateliv00e-20,amazon.com,B0FFLJJLH3,True,False,True,False,False
86,how-to-style-a-round-coffee-table-like-a-designer-2026.html,View on Amazon,https://www.amazon.com/dp/B0DS7T4JJZ?niid=nl_cl_lst_a_1_2&nrid=DXKTB5D374GWQ5VH9984&th=1&linkCode=ll2&tag=elevateliv00e-20&linkId=4e7ae9f7d9deafddb724566694d8cdad&language=en_US&ref_=as_li_ss_tl,elevateliv00e-20,amazon.com,B0DS7T4JJZ,True,False,True,False,False
87,how-to-style-a-round-coffee-table-like-a-designer-2026.html,View on Amazon,https://www.amazon.com/dp/B0CX62JZT9?niid=nl_cl_lst_a_1_3&nrid=DXKTB5D374GWQ5VH9984&th=1&linkCode=ll2&tag=elevateliv00e-20&linkId=2e5d85a394a3598c0641d426f510198e&language=en_US&ref_=as_li_ss_tl,elevateliv00e-20,amazon.com,B0CX62JZT9,True,False,True,False,False
88,how-to-style-a-round-coffee-table-like-a-designer-2026.html,View on Amazon,https://www.amazon.com/dp/B07ZVKBJJX?niid=nl_cl_lst_a_2_3&nrid=DXKTB5D374GWQ5VH9984&linkCode=ll2&tag=elevateliv00e-20&linkId=180c65a1dd9a7cd73d5e43e8efe536fa&language=en_US&ref_=as_li_ss_tl,elevateliv00e-20,amazon.com,B07ZVKBJJX,True,False,True,False,False
89,how-to-style-a-round-coffee-table-like-a-designer-2026.html,View on Amazon,https://www.amazon.com/dp/B084MP8YPD?niid=nl_cl_lst_a_2_1&nrid=DXKTB5D374GWQ5VH9984&th=1&linkCode=ll2&tag=elevateliv00e-20&linkId=7789ae4b8b6daf45e98d30742fa535fd&language=en_US&ref_=as_li_ss_tl,elevateliv00e-20,amazon.com,B084MP8YPD,True,False,True,False,False
90,how-to-style-a-round-coffee-table-like-a-designer-2026.html,View on Amazon,https://www.amazon.com/dp/B0FVM1Q1H7?niid=nl_cl_lst_a_2_2&nrid=DXKTB5D374GWQ5VH9984&th=1&linkCode=ll2&tag=elevateliv00e-20&linkId=c951826052650d826b43b880ddd9c4a1&language=en_US&ref_=as_li_ss_tl,elevateliv00e-20,amazon.com,B0FVM1Q1H7,True,False,True,False,False
91,how-to-style-a-round-coffee-table-like-a-designer-2026.html,View on Amazon,https://www.amazon.com/dp/B0DJTLLX4B?niid=nl_cl_lst_a_2_1&nrid=W83CP0GR6WWKBQTE6F4P&linkCode=ll2&tag=elevateliv00e-20&linkId=6a938f19c0599919a6a06515d3726ec2&language=en_US&ref_=as_li_ss_tl,elevateliv00e-20,amazon.com,B0DJTLLX4B,True,False,True,False,False
92,how-to-style-a-round-coffee-table-like-a-designer-2026.html,View on Amazon,https://www.amazon.com/dp/B0F74BBZCV?niid=nl_cl_lst_a_2_2&nrid=W83CP0GR6WWKBQTE6F4P&th=1&linkCode=ll2&tag=elevateliv00e-20&linkId=a837e3fb1348c5c2034fa0eb7eecc32d&language=en_US&ref_=as_li_ss_tl,elevateliv00e-20,amazon.com,B0F74BBZCV,True,False,True,False,False
93,how-to-style-a-round-coffee-table-like-a-designer-2026.html,View on Amazon,https://www.amazon.com/dp/B0D3HH27MW?niid=nl_cl_lst_a_2_3&nrid=W83CP0GR6WWKBQTE6F4P&th=1&linkCode=ll2&tag=elevateliv00e-20&linkId=adb13a4ce2cd0412b03a1cc5e4464dee&language=en_US&ref_=as_li_ss_tl,elevateliv00e-20,amazon.com,B0D3HH27MW,True,False,True,False,False
94,small-living-room-decor-ideas.html,Shop Irregular Mirror on Amazon →,https://www.amazon.com/dp/B0CP2FGLZY?tag=elevateliv00e-20,elevateliv00e-20,amazon.com,B0CP2FGLZY,True,False,True,False,False
